subject,status,sec,error,size,rank_at_infinity,limit,limit_float,limit_decimal,limit_method,limit_is_proved,curve_method,poles_method,n_poles,n_blind
0,ok,24.27907804097049,,23.0,22.0,63/8,7.875,7.875,symbolic,True,symbolic,symbolic,3.0,0.0
1,ok,21.532836957951076,,23.0,22.0,17,17.0,17,symbolic,True,symbolic,symbolic,2.0,0.0
2,ok,22.05642912501935,,23.0,20.0,81/5,16.2,16.2,symbolic,True,symbolic,symbolic,3.0,0.0
3,ok,61.002115292008966,,23.0,13.0,None,,nan,arbitrary_precision,False,arbitrary_precision,sign_change,0.0,260.0
4,ok,19.794705917011015,,23.0,22.0,21,21.0,21,symbolic,True,symbolic,symbolic,6.0,0.0
5,ok,0.514446874964051,,23.0,23.0,17,17.0,17,zero_pattern,True,arbitrary_precision,sign_change,4.0,0.0
6,ok,18.680988000007346,,23.0,20.0,10,10.0,10,symbolic,True,symbolic,symbolic,2.0,0.0
7,ok,0.41165008407551795,,23.0,23.0,16,16.0,16,zero_pattern,True,arbitrary_precision,sign_change,4.0,0.0
8,ok,60.99647237500176,,23.0,14.0,None,,nan,arbitrary_precision,False,arbitrary_precision,sign_change,0.0,260.0
9,ok,6.814949000021443,,23.0,20.0,19,19.0,19,symbolic,True,symbolic,symbolic,2.0,0.0
10,ok,46.92560387507547,,23.0,22.0,21,21.0,21,symbolic,True,symbolic,symbolic,6.0,0.0
11,ok,44.117824290995486,,23.0,21.0,17,17.0,17,symbolic,True,symbolic,symbolic,4.0,0.0
12,ok,31.980143290944397,,23.0,22.0,14,14.0,14,symbolic,True,symbolic,symbolic,4.0,0.0
13,ok,7.208343958016485,,23.0,22.0,5,5.0,5,symbolic,True,symbolic,symbolic,0.0,0.0
14,ok,60.69233079103287,,23.0,15.0,None,,nan,arbitrary_precision,False,arbitrary_precision,sign_change,0.0,260.0
15,ok,24.94086795905605,,23.0,22.0,13,13.0,13,symbolic,True,symbolic,symbolic,2.0,0.0
16,ok,27.31614474998787,,23.0,21.0,12,12.0,12,symbolic,True,symbolic,symbolic,4.0,0.0
17,ok,20.568829874973744,,23.0,22.0,12,12.0,12,symbolic,True,symbolic,symbolic,3.0,0.0
18,ok,24.743091207928956,,23.0,20.0,10,10.0,10,symbolic,True,symbolic,symbolic,5.0,0.0
19,ok,21.115756333922036,,23.0,22.0,21,21.0,21,symbolic,True,symbolic,symbolic,3.0,0.0
20,ok,28.933857584022917,,23.0,21.0,181/13,13.923076923076923,13.9230769230769,symbolic,True,symbolic,symbolic,3.0,0.0
21,ok,0.5505224169464782,,23.0,23.0,90/13,6.923076923076923,6.92307692307692,zero_pattern,True,arbitrary_precision,sign_change,2.0,0.0
22,ok,25.68674583407119,,23.0,22.0,13,13.0,13,symbolic,True,symbolic,symbolic,3.0,0.0
23,ok,0.5840830419911072,,23.0,23.0,10,10.0,10,zero_pattern,True,arbitrary_precision,sign_change,1.0,0.0
24,ok,31.996967375045642,,23.0,20.0,82/5,16.4,16.4,symbolic,True,symbolic,symbolic,2.0,0.0
25,ok,13.039648209000006,,23.0,22.0,21,21.0,21,symbolic,True,symbolic,symbolic,2.0,0.0
26,ok,21.413721541990526,,23.0,22.0,14,14.0,14,symbolic,True,symbolic,symbolic,4.0,0.0
27,ok,23.907038916950114,,23.0,22.0,21,21.0,21,symbolic,True,symbolic,symbolic,5.0,0.0
28,ok,33.633095833007246,,23.0,21.0,11,11.0,11,symbolic,True,symbolic,symbolic,2.0,0.0
29,ok,0.6072478330461308,,23.0,23.0,6,6.0,6,zero_pattern,True,arbitrary_precision,sign_change,3.0,0.0
30,ok,32.4686975000659,,23.0,21.0,16,16.0,16,symbolic,True,symbolic,symbolic,5.0,0.0
31,ok,21.86409483407624,,23.0,22.0,18,18.0,18,symbolic,True,symbolic,symbolic,5.0,0.0
32,ok,0.5599196670809761,,23.0,23.0,5,5.0,5,zero_pattern,True,arbitrary_precision,sign_change,1.0,0.0
33,ok,24.163438874995336,,23.0,21.0,56/3,18.666666666666668,18.6666666666667,symbolic,True,symbolic,symbolic,5.0,0.0
34,ok,25.25760720903054,,23.0,22.0,21,21.0,21,symbolic,True,symbolic,symbolic,4.0,0.0
35,ok,25.67535962490365,,23.0,21.0,17,17.0,17,symbolic,True,symbolic,symbolic,4.0,0.0
36,ok,27.570895083015785,,23.0,22.0,16,16.0,16,symbolic,True,symbolic,symbolic,4.0,0.0
37,ok,21.764682332985103,,23.0,18.0,14,14.0,14,symbolic,True,symbolic,symbolic,4.0,0.0
38,ok,19.66750574996695,,23.0,22.0,101/15,6.733333333333333,6.73333333333333,symbolic,True,symbolic,symbolic,2.0,0.0
39,ok,0.5521508340025321,,23.0,23.0,35/3,11.666666666666666,11.6666666666667,zero_pattern,True,arbitrary_precision,sign_change,3.0,0.0
40,ok,36.16027466696687,,23.0,21.0,10,10.0,10,symbolic,True,symbolic,symbolic,4.0,0.0
41,ok,8.14415266609285,,23.0,22.0,21,21.0,21,symbolic,True,symbolic,symbolic,1.0,0.0
42,ok,27.20267787494231,,23.0,20.0,4,4.0,4,symbolic,True,symbolic,symbolic,2.0,0.0
43,ok,12.331427917000838,,23.0,21.0,17,17.0,17,symbolic,True,symbolic,symbolic,2.0,0.0
44,ok,23.55137466697488,,23.0,19.0,163/12,13.583333333333334,13.5833333333333,symbolic,True,symbolic,symbolic,5.0,0.0
45,error,19.887601665919647,ValueError: math domain error,,,,,,,,,,,
46,ok,21.121399666997604,,23.0,19.0,16/3,5.333333333333333,5.33333333333333,symbolic,True,symbolic,symbolic,3.0,0.0
47,error,14.492458833032288,ValueError: math domain error,,,,,,,,,,,
48,ok,14.600223707966506,,23.0,16.0,6,6.0,6,symbolic,True,symbolic,symbolic,1.0,0.0
49,ok,29.358599042054266,,23.0,21.0,64/7,9.142857142857142,9.14285714285714,symbolic,True,symbolic,symbolic,3.0,0.0
50,ok,37.39134874998126,,23.0,20.0,15,15.0,15,symbolic,True,symbolic,symbolic,4.0,0.0
51,ok,28.92470570805017,,23.0,21.0,-11/3,-3.6666666666666665,-3.66666666666667,symbolic,True,symbolic,symbolic,3.0,0.0
52,ok,50.52969562495127,,23.0,22.0,65/3,21.666666666666668,21.6666666666667,symbolic,True,symbolic,symbolic,7.0,0.0
53,ok,45.91028475004714,,23.0,21.0,92/5,18.4,18.4,symbolic,True,symbolic,symbolic,4.0,0.0
54,ok,41.8591605409747,,23.0,22.0,20,20.0,20,symbolic,True,symbolic,symbolic,3.0,0.0
55,ok,45.285415666992776,,23.0,18.0,53/3,17.666666666666668,17.6666666666667,symbolic,True,symbolic,symbolic,4.0,0.0
56,ok,37.84572937490884,,23.0,22.0,394/49,8.040816326530612,8.04081632653061,symbolic,True,symbolic,symbolic,3.0,0.0
57,ok,0.832030083052814,,23.0,23.0,23,23.0,23,zero_pattern,True,arbitrary_precision,sign_change,3.0,0.0
58,ok,23.517953665927052,,23.0,19.0,13,13.0,13,symbolic,True,symbolic,symbolic,4.0,0.0
59,ok,32.134513082914054,,23.0,19.0,10,10.0,10,symbolic,True,symbolic,symbolic,2.0,0.0
60,ok,0.5680921659804881,,23.0,23.0,25/3,8.333333333333334,8.33333333333333,zero_pattern,True,arbitrary_precision,sign_change,2.0,0.0
61,ok,29.83624516695272,,23.0,20.0,14,14.0,14,symbolic,True,symbolic,symbolic,3.0,0.0
62,ok,29.86318291700445,,23.0,21.0,21,21.0,21,symbolic,True,symbolic,symbolic,5.0,0.0
63,ok,27.11173750006128,,23.0,21.0,46/3,15.333333333333334,15.3333333333333,symbolic,True,symbolic,symbolic,3.0,0.0
64,ok,16.79429754195735,,23.0,21.0,19,19.0,19,symbolic,True,symbolic,symbolic,4.0,0.0
65,ok,0.5513133329804987,,23.0,23.0,23,23.0,23,zero_pattern,True,arbitrary_precision,sign_change,3.0,0.0
66,ok,33.41775595792569,,23.0,21.0,19,19.0,19,symbolic,True,symbolic,symbolic,5.0,0.0
67,ok,0.6652078330516815,,23.0,23.0,15,15.0,15,zero_pattern,True,arbitrary_precision,sign_change,5.0,0.0
68,ok,35.20574474998284,,23.0,19.0,15,15.0,15,symbolic,True,symbolic,symbolic,4.0,0.0
69,ok,44.7476945000235,,23.0,18.0,323/29,11.137931034482758,11.1379310344828,symbolic,True,symbolic,symbolic,3.0,0.0
70,ok,38.72693825000897,,23.0,21.0,59/3,19.666666666666668,19.6666666666667,symbolic,True,symbolic,symbolic,3.0,0.0
71,ok,26.75737491704058,,23.0,22.0,134/11,12.181818181818182,12.1818181818182,symbolic,True,symbolic,symbolic,4.0,0.0
72,ok,0.6774575839517638,,23.0,23.0,-19,-19.0,-19,zero_pattern,True,arbitrary_precision,sign_change,2.0,0.0
73,ok,36.53218145901337,,23.0,21.0,66/7,9.428571428571429,9.42857142857143,symbolic,True,symbolic,symbolic,2.0,0.0
74,ok,43.70504324999638,,23.0,19.0,47/3,15.666666666666666,15.6666666666667,symbolic,True,symbolic,symbolic,4.0,0.0
75,ok,62.554788709036075,,23.0,17.0,None,,nan,arbitrary_precision,False,arbitrary_precision,sign_change,0.0,260.0
76,ok,39.69362404209096,,23.0,21.0,10,10.0,10,symbolic,True,symbolic,symbolic,3.0,0.0
77,ok,26.876881958916783,,23.0,22.0,21,21.0,21,symbolic,True,symbolic,symbolic,5.0,0.0
78,ok,0.6875334579963237,,23.0,23.0,21,21.0,21,zero_pattern,True,arbitrary_precision,sign_change,7.0,0.0
79,ok,36.245699333027005,,23.0,21.0,13,13.0,13,symbolic,True,symbolic,symbolic,4.0,0.0
80,ok,29.484480792074464,,23.0,21.0,12,12.0,12,symbolic,True,symbolic,symbolic,5.0,0.0
81,ok,31.528916790965013,,23.0,19.0,144/11,13.090909090909092,13.0909090909091,symbolic,True,symbolic,symbolic,4.0,0.0
82,ok,36.646827041055076,,23.0,22.0,21,21.0,21,symbolic,True,symbolic,symbolic,5.0,0.0
83,ok,0.7506768750026822,,23.0,23.0,19,19.0,19,zero_pattern,True,arbitrary_precision,sign_change,6.0,0.0
84,ok,31.745080124936067,,23.0,22.0,18,18.0,18,symbolic,True,symbolic,symbolic,6.0,0.0
85,ok,39.83370424993336,,23.0,21.0,57/5,11.4,11.4,symbolic,True,symbolic,symbolic,4.0,0.0
86,ok,9.102085125050507,,23.0,22.0,17,17.0,17,symbolic,True,symbolic,symbolic,3.0,0.0
87,ok,28.556872457964346,,23.0,22.0,46/5,9.2,9.2,symbolic,True,symbolic,symbolic,3.0,0.0
88,ok,51.05208729207516,,23.0,22.0,21,21.0,21,symbolic,True,symbolic,symbolic,4.0,0.0
89,ok,21.6710625840351,,23.0,21.0,45/7,6.428571428571429,6.42857142857143,symbolic,True,symbolic,symbolic,2.0,0.0
90,ok,0.7509927500505,,23.0,23.0,7,7.0,7,zero_pattern,True,arbitrary_precision,sign_change,3.0,0.0
91,ok,33.39322229102254,,23.0,19.0,14,14.0,14,symbolic,True,symbolic,symbolic,3.0,0.0
92,ok,45.78808204096276,,23.0,19.0,16,16.0,16,symbolic,True,symbolic,symbolic,4.0,0.0
93,ok,20.69133595796302,,23.0,22.0,11,11.0,11,symbolic,True,symbolic,symbolic,3.0,0.0
94,ok,53.08537237497512,,23.0,22.0,19,19.0,19,symbolic,True,symbolic,symbolic,5.0,0.0
95,ok,42.030996916932054,,23.0,21.0,7,7.0,7,symbolic,True,symbolic,symbolic,3.0,0.0
96,ok,39.65426187496632,,23.0,20.0,2,2.0,2,symbolic,True,symbolic,symbolic,2.0,0.0
97,ok,36.07238633395173,,23.0,21.0,18,18.0,18,symbolic,True,symbolic,symbolic,3.0,0.0
98,ok,27.08262050000485,,23.0,22.0,11,11.0,11,symbolic,True,symbolic,symbolic,2.0,0.0
99,ok,28.097137082950212,,23.0,21.0,85/9,9.444444444444445,9.44444444444444,symbolic,True,symbolic,symbolic,4.0,0.0
100,ok,45.80750483402517,,23.0,22.0,19,19.0,19,symbolic,True,symbolic,symbolic,5.0,0.0
101,ok,27.248691666987725,,23.0,21.0,23/2,11.5,11.5,symbolic,True,symbolic,symbolic,4.0,0.0
102,ok,30.850526208989322,,23.0,22.0,16,16.0,16,symbolic,True,symbolic,symbolic,4.0,0.0
103,ok,37.96512674994301,,23.0,22.0,19,19.0,19,symbolic,True,symbolic,symbolic,6.0,0.0
104,ok,30.43146529200021,,23.0,20.0,14,14.0,14,symbolic,True,symbolic,symbolic,3.0,0.0
105,ok,14.82034608302638,,23.0,22.0,5,5.0,5,symbolic,True,symbolic,symbolic,3.0,0.0
106,ok,0.6662581670098007,,23.0,23.0,71/15,4.733333333333333,4.73333333333333,zero_pattern,True,arbitrary_precision,sign_change,2.0,0.0
107,ok,30.897144666989334,,23.0,21.0,101/9,11.222222222222221,11.2222222222222,symbolic,True,symbolic,symbolic,3.0,0.0
108,ok,33.089332000003196,,23.0,18.0,17,17.0,17,symbolic,True,symbolic,symbolic,6.0,0.0
109,ok,38.34407520806417,,23.0,18.0,56/5,11.2,11.2,symbolic,True,symbolic,symbolic,2.0,0.0
110,ok,40.91162450006232,,23.0,19.0,14,14.0,14,symbolic,True,symbolic,symbolic,5.0,0.0
111,ok,36.20201412495226,,23.0,22.0,127/11,11.545454545454545,11.5454545454545,symbolic,True,symbolic,symbolic,6.0,0.0
112,ok,22.751860917080194,,23.0,22.0,19,19.0,19,symbolic,True,symbolic,symbolic,4.0,0.0
113,ok,22.849587250035256,,23.0,20.0,14,14.0,14,symbolic,True,symbolic,symbolic,3.0,0.0
114,ok,34.49990533303935,,23.0,21.0,11,11.0,11,symbolic,True,symbolic,symbolic,2.0,0.0
115,ok,24.758523166994564,,23.0,22.0,12,12.0,12,symbolic,True,symbolic,symbolic,4.0,0.0
116,ok,35.754285791073926,,23.0,21.0,157/15,10.466666666666667,10.4666666666667,symbolic,True,symbolic,symbolic,3.0,0.0
117,ok,37.75591325003188,,23.0,22.0,15,15.0,15,symbolic,True,symbolic,symbolic,6.0,0.0
118,ok,27.005793707910925,,23.0,21.0,13,13.0,13,symbolic,True,symbolic,symbolic,4.0,0.0
119,ok,28.40431104192976,,23.0,18.0,44/3,14.666666666666666,14.6666666666667,symbolic,True,symbolic,symbolic,4.0,0.0
