subject,status,sec,error,limit,limit_float,m_at_infinity,m_at_infinity_float,generic_rank,rank_at_infinity,method,has_weighting_at_infinity,poles_status,n_poles,largest_pole_t,degree_den
0,ok,15.50698962493334,,63/8,7.875,91/10,9.1,23.0,22.0,bordered determinant (generic full rank),True,ok,3.0,0.40614840812445707,126.0
1,ok,19.571458166930825,,17,17.0,18,18.0,23.0,22.0,bordered determinant (generic full rank),True,ok,2.0,1.0464486040891785,123.0
2,ok,21.543884375016205,,81/5,16.2,20,20.0,23.0,20.0,bordered determinant (generic full rank),True,ok,3.0,0.6656566047633794,126.0
3,timeout,300.00094033393543,,,,,,,,,,,,,
4,ok,22.333117708098143,,21,21.0,22,22.0,23.0,22.0,bordered determinant (generic full rank),True,ok,6.0,0.622050104501573,119.0
5,ok,37.585547083988786,,17,17.0,17,17.0,23.0,23.0,bordered determinant (generic full rank),True,ok,4.0,0.46114190096386243,139.0
6,ok,21.988080832990818,,10,10.0,12,12.0,23.0,20.0,bordered determinant (generic full rank),True,ok,2.0,0.43350067845323814,135.0
7,ok,32.793817208963446,,16,16.0,16,16.0,23.0,23.0,bordered determinant (generic full rank),True,ok,4.0,0.6755283405141954,135.0
8,timeout,300.0011137910187,,,,,,,,,,,,,
9,ok,5.531487624975853,,19,19.0,20,20.0,23.0,20.0,bordered determinant (generic full rank),True,ok,2.0,0.6440216332622257,79.0
10,ok,53.518746790941805,,21,21.0,22,22.0,23.0,22.0,bordered determinant (generic full rank),True,ok,6.0,0.4763552445610027,137.0
11,ok,43.49920574994758,,17,17.0,19,19.0,23.0,21.0,bordered determinant (generic full rank),True,ok,4.0,0.43331555641890185,130.0
12,ok,37.33549966698047,,14,14.0,15,15.0,23.0,22.0,bordered determinant (generic full rank),True,ok,4.0,0.8875295542558249,132.0
13,ok,7.670963625074364,,5,5.0,5,5.0,23.0,22.0,bordered determinant (generic full rank),True,ok,0.0,,7.0
14,timeout,300.0012130420655,,,,,,,,,,,,,
15,ok,25.11176041699946,,13,13.0,13,13.0,23.0,22.0,bordered determinant (generic full rank),True,ok,2.0,0.7955542268144852,125.0
16,ok,31.39461737498641,,12,12.0,15,15.0,23.0,21.0,bordered determinant (generic full rank),True,ok,4.0,0.9283485401861917,132.0
17,ok,22.74294404091779,,12,12.0,12,12.0,23.0,22.0,bordered determinant (generic full rank),True,ok,3.0,1.1798647528245008,119.0
18,ok,30.43154024996329,,10,10.0,12,12.0,23.0,20.0,bordered determinant (generic full rank),True,ok,5.0,0.5790230782189709,135.0
19,ok,20.551174541935325,,21,21.0,22,22.0,23.0,22.0,bordered determinant (generic full rank),True,ok,3.0,0.4158938992589839,101.0
20,ok,38.572917499928735,,181/13,13.923076923076923,13,13.0,23.0,21.0,bordered determinant (generic full rank),True,ok,3.0,0.719209339668117,127.0
21,ok,27.110314707970247,,90/13,6.923076923076923,90/13,6.923076923076923,23.0,23.0,bordered determinant (generic full rank),True,ok,2.0,1.6529219008359513,135.0
22,ok,23.200930749997497,,13,13.0,14,14.0,23.0,22.0,bordered determinant (generic full rank),True,ok,3.0,1.4477345055199404,124.0
23,ok,24.421655416022986,,10,10.0,10,10.0,23.0,23.0,bordered determinant (generic full rank),True,ok,1.0,0.6180641616182997,121.0
24,ok,27.583245875081047,,82/5,16.4,20,20.0,23.0,20.0,bordered determinant (generic full rank),True,ok,2.0,0.33009886096065216,123.0
25,ok,10.804993416997604,,21,21.0,22,22.0,23.0,22.0,bordered determinant (generic full rank),True,ok,2.0,0.17584914070766267,91.0
26,ok,22.678907291963696,,14,14.0,16,16.0,23.0,22.0,bordered determinant (generic full rank),True,ok,4.0,0.5597669395074583,125.0
27,ok,26.471658583031967,,21,21.0,22,22.0,23.0,22.0,bordered determinant (generic full rank),True,ok,5.0,0.44022592863269777,120.0
28,ok,30.80591854196973,,11,11.0,11,11.0,23.0,21.0,bordered determinant (generic full rank),True,ok,2.0,0.9883893362939841,135.0
29,ok,36.38368291698862,,6,6.0,6,6.0,23.0,23.0,bordered determinant (generic full rank),True,ok,3.0,0.9940949491987227,139.0
30,ok,30.53399675001856,,16,16.0,21,21.0,23.0,21.0,bordered determinant (generic full rank),True,ok,5.0,0.6087259815284688,115.0
31,ok,20.58504133298993,,18,18.0,22,22.0,23.0,22.0,bordered determinant (generic full rank),True,ok,5.0,0.7762523140711258,107.0
32,ok,33.901922167045996,,5,5.0,5,5.0,23.0,23.0,bordered determinant (generic full rank),True,ok,1.0,0.9492614851447188,139.0
33,ok,21.49984541593585,,56/3,18.666666666666668,21,21.0,23.0,21.0,bordered determinant (generic full rank),True,ok,5.0,0.8432456864622835,103.0
34,ok,25.73643608391285,,21,21.0,22,22.0,23.0,22.0,bordered determinant (generic full rank),True,ok,4.0,0.40088189656109946,126.0
35,ok,26.53953729197383,,17,17.0,19,19.0,23.0,21.0,bordered determinant (generic full rank),True,ok,4.0,0.5437232080221072,105.0
36,ok,32.93116345896851,,16,16.0,16,16.0,23.0,22.0,bordered determinant (generic full rank),True,ok,4.0,0.43712026977304924,135.0
37,ok,24.851801833021455,,14,14.0,14,14.0,23.0,18.0,bordered determinant (generic full rank),True,ok,4.0,0.9675013393115648,122.0
38,ok,20.60973179107532,,101/15,6.733333333333333,7,7.0,23.0,22.0,bordered determinant (generic full rank),True,ok,2.0,0.9731118058737273,135.0
39,ok,36.36165408301167,,35/3,11.666666666666666,35/3,11.666666666666666,23.0,23.0,bordered determinant (generic full rank),True,ok,3.0,2.2169915429152236,139.0
40,ok,38.83625558298081,,10,10.0,10,10.0,23.0,21.0,bordered determinant (generic full rank),True,ok,4.0,1.3318258067000446,134.0
41,ok,7.642454333952628,,21,21.0,22,22.0,23.0,22.0,bordered determinant (generic full rank),True,ok,1.0,0.016638435964795292,70.0
42,ok,27.23187175008934,,4,4.0,12,12.0,23.0,20.0,bordered determinant (generic full rank),True,ok,2.0,0.4265384059133136,118.0
43,ok,11.14781158301048,,17,17.0,19,19.0,23.0,21.0,bordered determinant (generic full rank),True,ok,2.0,0.6543932207040929,94.0
44,ok,25.31383820809424,,163/12,13.583333333333334,17,17.0,23.0,19.0,bordered determinant (generic full rank),True,ok,5.0,1.1510264705389783,115.0
45,ok,32.53900912508834,,None,,133/9,14.777777777777779,23.0,22.0,bordered determinant (generic full rank),False,ok,5.0,0.9277789419778117,123.0
46,ok,21.994854041025974,,16/3,5.333333333333333,19,19.0,23.0,19.0,bordered determinant (generic full rank),True,ok,3.0,0.5650907458070238,121.0
47,ok,35.15276508301031,,None,,16,16.0,23.0,22.0,bordered determinant (generic full rank),True,ok,5.0,1.22961649427639,136.0
48,ok,16.341372833005153,,6,6.0,6,6.0,23.0,16.0,bordered determinant (generic full rank),True,ok,1.0,1.2356631426010836,124.0
49,ok,25.335488082957454,,64/7,9.142857142857142,13,13.0,23.0,21.0,bordered determinant (generic full rank),True,ok,3.0,0.7734026229000609,112.0
50,ok,31.354172499966808,,15,15.0,16,16.0,23.0,20.0,bordered determinant (generic full rank),True,ok,4.0,1.1446388339161795,115.0
51,ok,30.869103458011523,,-11/3,-3.6666666666666665,15,15.0,23.0,21.0,bordered determinant (generic full rank),True,ok,3.0,0.3041915615566924,129.0
52,ok,50.716449457919225,,65/3,21.666666666666668,22,22.0,23.0,22.0,bordered determinant (generic full rank),True,ok,7.0,0.7174969467399065,124.0
53,ok,45.7905036250595,,92/5,18.4,6,6.0,23.0,21.0,bordered determinant (generic full rank),True,ok,4.0,1.7599021997571056,129.0
54,ok,37.7551290410338,,20,20.0,20,20.0,23.0,22.0,bordered determinant (generic full rank),True,ok,3.0,0.32007215130044464,130.0
55,ok,44.92192270793021,,53/3,17.666666666666668,18,18.0,23.0,18.0,bordered determinant (generic full rank),True,ok,4.0,0.6306738456894705,128.0
56,ok,39.84961024997756,,394/49,8.040816326530612,401/57,7.035087719298246,23.0,22.0,bordered determinant (generic full rank),True,ok,3.0,0.9824389155070237,125.0
57,ok,24.95500545797404,,23,23.0,23,23.0,23.0,23.0,bordered determinant (generic full rank),True,ok,3.0,0.11729307584685685,114.0
58,ok,27.463088750024326,,13,13.0,13,13.0,23.0,19.0,bordered determinant (generic full rank),True,ok,4.0,1.4897125753633174,120.0
59,ok,32.897160333930515,,10,10.0,11,11.0,23.0,19.0,bordered determinant (generic full rank),True,ok,2.0,1.289745340585538,120.0
60,ok,29.579353332985193,,25/3,8.333333333333334,25/3,8.333333333333334,23.0,23.0,bordered determinant (generic full rank),True,ok,2.0,0.6433522798369592,139.0
61,ok,33.057509333011694,,14,14.0,16,16.0,23.0,20.0,bordered determinant (generic full rank),True,ok,3.0,0.7508007738219157,128.0
62,ok,33.27626933401916,,21,21.0,21,21.0,23.0,21.0,bordered determinant (generic full rank),True,ok,5.0,1.395847906563414,121.0
63,ok,30.447575042024255,,46/3,15.333333333333334,46/3,15.333333333333334,23.0,21.0,bordered determinant (generic full rank),True,ok,3.0,0.5459062638476039,136.0
64,ok,16.117437500040978,,19,19.0,19,19.0,23.0,21.0,bordered determinant (generic full rank),True,ok,4.0,0.7781815758214046,93.0
65,ok,34.64795666595455,,23,23.0,23,23.0,23.0,23.0,bordered determinant (generic full rank),True,ok,3.0,0.38575011688765304,134.0
66,ok,33.183554875082336,,19,19.0,21,21.0,23.0,21.0,bordered determinant (generic full rank),True,ok,5.0,0.6056496473387352,112.0
67,ok,47.93363749992568,,15,15.0,15,15.0,23.0,23.0,bordered determinant (generic full rank),True,ok,5.0,0.6765662879474759,136.0
68,ok,34.02190954203252,,15,15.0,19,19.0,23.0,19.0,bordered determinant (generic full rank),True,ok,4.0,0.29989314074817996,120.0
69,ok,52.03196570905857,,323/29,11.137931034482758,14,14.0,23.0,18.0,bordered determinant (generic full rank),True,ok,3.0,0.8114543650111097,131.0
70,ok,36.390407250029966,,59/3,19.666666666666668,21,21.0,23.0,21.0,bordered determinant (generic full rank),True,ok,3.0,0.29211329210772985,132.0
71,ok,25.61082158307545,,134/11,12.181818181818182,13,13.0,23.0,22.0,bordered determinant (generic full rank),True,ok,4.0,1.4281478919695725,110.0
72,ok,19.742056792019866,,-19,-19.0,-19,-19.0,23.0,23.0,bordered determinant (generic full rank),True,ok,2.0,2.2470347411381257,119.0
73,ok,32.595070499926805,,66/7,9.428571428571429,12,12.0,23.0,21.0,bordered determinant (generic full rank),True,ok,2.0,0.26464124117592625,132.0
74,ok,42.49119191698264,,47/3,15.666666666666666,47/3,15.666666666666666,23.0,19.0,bordered determinant (generic full rank),True,ok,4.0,1.1187010210846124,135.0
75,timeout,300.0011368750129,,,,,,,,,,,,,
76,ok,34.443572625052184,,10,10.0,13,13.0,23.0,21.0,bordered determinant (generic full rank),True,ok,3.0,0.5917310024336647,128.0
77,ok,26.879745417041704,,21,21.0,22,22.0,23.0,22.0,bordered determinant (generic full rank),True,ok,5.0,0.6608532216841132,120.0
78,ok,56.728876416920684,,21,21.0,21,21.0,23.0,23.0,bordered determinant (generic full rank),True,ok,7.0,0.6486266594166415,137.0
79,ok,34.45227704197168,,13,13.0,13,13.0,23.0,21.0,bordered determinant (generic full rank),True,ok,4.0,0.7969481649285958,132.0
80,ok,32.61042874993291,,12,12.0,14,14.0,23.0,21.0,bordered determinant (generic full rank),True,ok,5.0,2.1522399717488017,128.0
81,ok,32.18944679200649,,144/11,13.090909090909092,15,15.0,23.0,19.0,bordered determinant (generic full rank),True,ok,4.0,1.0781902159487728,117.0
82,ok,37.683916875044815,,21,21.0,22,22.0,23.0,22.0,bordered determinant (generic full rank),True,ok,5.0,0.4952551563445693,129.0
83,ok,41.3757275409298,,19,19.0,19,19.0,23.0,23.0,bordered determinant (generic full rank),True,ok,6.0,0.9333105224563134,139.0
84,ok,29.368534332956187,,18,18.0,18,18.0,23.0,22.0,bordered determinant (generic full rank),True,ok,6.0,1.6405451786260536,111.0
85,ok,37.42188391694799,,57/5,11.4,57/5,11.4,23.0,21.0,bordered determinant (generic full rank),True,ok,4.0,1.7157773867377923,132.0
86,ok,7.372429957962595,,17,17.0,18,18.0,23.0,22.0,bordered determinant (generic full rank),True,ok,3.0,0.3598777271034323,77.0
87,ok,27.27282287494745,,46/5,9.2,9,9.0,23.0,22.0,bordered determinant (generic full rank),True,ok,3.0,0.4675949453579304,128.0
88,ok,51.41481670900248,,21,21.0,22,22.0,23.0,22.0,bordered determinant (generic full rank),True,ok,4.0,0.37313511503672464,137.0
89,ok,17.282373124966398,,45/7,6.428571428571429,10,10.0,23.0,21.0,bordered determinant (generic full rank),True,ok,2.0,0.8940277232337575,108.0
90,ok,26.324668667046353,,7,7.0,7,7.0,23.0,23.0,bordered determinant (generic full rank),True,ok,3.0,0.6811361512055315,123.0
91,ok,27.740598874981515,,14,14.0,15,15.0,23.0,19.0,bordered determinant (generic full rank),True,ok,3.0,0.214421798499166,112.0
92,ok,41.15717958298046,,16,16.0,17,17.0,23.0,19.0,bordered determinant (generic full rank),True,ok,4.0,0.3996567350727942,133.0
93,ok,16.461908291908912,,11,11.0,12,12.0,23.0,22.0,bordered determinant (generic full rank),True,ok,3.0,0.9919349623885285,92.0
94,ok,53.72608491696883,,19,19.0,20,20.0,23.0,22.0,bordered determinant (generic full rank),True,ok,5.0,0.8030210634285588,137.0
95,ok,36.003785541979596,,7,7.0,7,7.0,23.0,21.0,bordered determinant (generic full rank),True,ok,3.0,0.799203261748965,131.0
96,ok,32.33178804104682,,2,2.0,8,8.0,23.0,20.0,bordered determinant (generic full rank),True,ok,2.0,0.8803013429310842,133.0
97,ok,30.13512716605328,,18,18.0,21,21.0,23.0,21.0,bordered determinant (generic full rank),True,ok,3.0,0.21249239988112809,108.0
98,ok,22.489294833969325,,11,11.0,12,12.0,23.0,22.0,bordered determinant (generic full rank),True,ok,2.0,0.34111922884749435,109.0
99,ok,30.24297991709318,,85/9,9.444444444444445,47/5,9.4,23.0,21.0,bordered determinant (generic full rank),True,ok,4.0,0.4420128460378232,120.0
100,ok,47.468316375045106,,19,19.0,20,20.0,23.0,22.0,bordered determinant (generic full rank),True,ok,5.0,0.3558831758711607,135.0
101,ok,34.79727295797784,,23/2,11.5,13,13.0,23.0,21.0,bordered determinant (generic full rank),True,ok,4.0,0.9667809554731032,114.0
102,ok,31.781050208956003,,16,16.0,18,18.0,23.0,22.0,bordered determinant (generic full rank),True,ok,4.0,0.4927191043112926,121.0
103,ok,43.24919225007761,,19,19.0,20,20.0,23.0,22.0,bordered determinant (generic full rank),True,ok,6.0,0.6677665392918818,133.0
104,ok,29.05603533401154,,14,14.0,14,14.0,23.0,20.0,bordered determinant (generic full rank),True,ok,3.0,1.3822263287572598,116.0
105,ok,15.822274792008102,,5,5.0,5,5.0,23.0,22.0,bordered determinant (generic full rank),True,ok,3.0,0.8655082506221531,105.0
106,ok,34.139984166948125,,71/15,4.733333333333333,71/15,4.733333333333333,23.0,23.0,bordered determinant (generic full rank),True,ok,2.0,0.3930929581761863,133.0
107,ok,28.86730754096061,,101/9,11.222222222222221,14,14.0,23.0,21.0,bordered determinant (generic full rank),True,ok,3.0,0.8559439092727931,122.0
108,ok,31.81702883297112,,17,17.0,18,18.0,23.0,18.0,bordered determinant (generic full rank),True,ok,6.0,1.2569921394249395,115.0
109,ok,33.422797499923036,,56/5,11.2,15,15.0,23.0,18.0,bordered determinant (generic full rank),True,ok,2.0,0.24459931720056322,127.0
110,ok,39.36092929192819,,14,14.0,15,15.0,23.0,19.0,bordered determinant (generic full rank),True,ok,5.0,1.386912670417389,121.0
111,ok,34.42984545906074,,127/11,11.545454545454545,138/11,12.545454545454545,23.0,22.0,bordered determinant (generic full rank),True,ok,6.0,0.7519645168159822,106.0
112,ok,20.43091925000772,,19,19.0,20,20.0,23.0,22.0,bordered determinant (generic full rank),True,ok,4.0,0.8715642560868232,89.0
113,ok,22.554004291072488,,14,14.0,16,16.0,23.0,20.0,bordered determinant (generic full rank),True,ok,3.0,0.5213119181685144,102.0
114,ok,35.01255758292973,,11,11.0,11,11.0,23.0,21.0,bordered determinant (generic full rank),True,ok,2.0,0.9618081425698104,124.0
115,ok,31.238419292028993,,12,12.0,12,12.0,23.0,22.0,bordered determinant (generic full rank),True,ok,4.0,0.44334660951685717,123.0
116,ok,38.763880540966056,,157/15,10.466666666666667,11,11.0,23.0,21.0,bordered determinant (generic full rank),True,ok,3.0,0.47595151443249994,128.0
117,ok,48.19424091698602,,15,15.0,16,16.0,23.0,22.0,bordered determinant (generic full rank),True,ok,6.0,0.6982923102066351,136.0
118,ok,33.168398792040534,,13,13.0,17,17.0,23.0,21.0,bordered determinant (generic full rank),True,ok,4.0,0.4812031427084807,126.0
119,ok,36.46808641694952,,44/3,14.666666666666666,18,18.0,23.0,18.0,bordered determinant (generic full rank),True,ok,4.0,0.9821678966952737,131.0
